departement,ville,coordonnesgroup
arrondissement de Nîmes,Vénéjan,Point(4.6575 44.196944444)
arrondissement de Péronne,Y,Point(2.991944444 49.803333333)
Haut-Rhin,Walheim,Point(7.266388888 47.641944444)
arrondissement de Strasbourg-Campagne,Wingersheim,Point(7.635833333 48.722222222)
Pas-de-Calais,Wissant,Point(1.662777777 50.885277777)
Pas-de-Calais,Wardrecques,Point(2.343888888 50.710555555)
arrondissement de Commercy,Xivray-et-Marvoisin,Point(5.743611111 48.864722222)
canton de Clary,Walincourt-Selvigny,Point(3.335833333 50.068888888)
arrondissement de Besançon,Vuillafans,Point(6.216388888 47.065277777)
Haut-Rhin,Waltenheim,Point(7.425555555 47.656944444)
Haut-Rhin,Zillisheim,Point(7.295555555 47.695277777)
arrondissement de Strasbourg-Campagne,Waltenheim-sur-Zorn,Point(7.629444444 48.746666666)
arrondissement de Strasbourg-Campagne,Willgottheim,Point(7.510277777 48.671111111)
arrondissement de Strasbourg-Campagne,Wintzenheim-Kochersberg,Point(7.5125 48.658611111)
Haut-Rhin,Zimmerbach,Point(7.236944444 48.072777777)
canton de Nesle,Épénancourt,Point(2.931111111 49.822777777)
canton de Mézières-Centre-Ouest,Warcq,Point(4.680555555 49.769722222)
Haut-Rhin,Wasserbourg,Point(7.158333333 48.002777777)
Haut-Rhin,Wihr-au-Val,Point(7.205555555 48.053333333)
Haut-Rhin,Wittersdorf,Point(7.275555555 47.621666666)
Eure,Épaignes,Point(0.440277777 49.279444444)
canton de Sarreguemines-Campagne,Wittring,Point(7.146111111 49.054444444)
canton de Sarreguemines-Campagne,Zetting,Point(7.130277777 49.080555555)
arrondissement de Sarcelles,Vémars,Point(2.567777777 49.069722222)
arrondissement de Dunkerque,Watten,Point(2.2125 50.833055555)
Deux-Sèvres,Échiré,Point(-0.415833333 46.389166666)
Haut-Rhin,Zimmersheim,Point(7.388055555 47.719722222)
Haut-Rhin,Vézelois,Point(6.916388888 47.607777777)
Pas-de-Calais,Wimereux,Point(1.61 50.769722222)
arrondissement de Fontainebleau,Vulaines-sur-Seine,Point(2.766666666 48.431111111)
arrondissement de Mont-de-Marsan,Ygos-Saint-Saturnin,Point(-0.736666666 43.976111111)
Seine-et-Marne,Étrépilly,Point(2.931111111 49.035555555)
Bas-Rhin,Wissembourg,Point(7.946111111 49.0375)
arrondissement d'Ajaccio,Zicavo,Point(9.130277777 41.907222222)
canton de Cattenom,Zoufftgen,Point(6.133055555 49.4625)
arrondissement d'Épinal,Épinal,Point(6.451666666 48.173611111)
Haut-Rhin,Wentzwiller,Point(7.479722222 47.550277777)
arrondissement de Colmar,Wettolsheim,Point(7.299444444 48.056944444)
arrondissement de Haguenau-Wissembourg,Wintzenbach,Point(8.103888888 48.935)
arrondissement de Thionville-Est,Waldweistroff,Point(6.495833333 49.359166666)
arrondissement de Thionville-Est,Zoufftgen,Point(6.133055555 49.4625)
arrondissement de Wissembourg,Wintzenbach,Point(8.103888888 48.935)
canton de Douvaine,Yvoire,Point(6.326666666 46.37)
Haut-Rhin,Wittelsheim,Point(7.2375 47.805277777)
Pas-de-Calais,Westrehem,Point(2.345277777 50.545)
canton de Ruynes-en-Margeride,Védrines-Saint-Loup,Point(3.281666666 45.069722222)
Haut-Rhin,Wolfgantzen,Point(7.501666666 48.028055555)
Tinchebray-Bocage,Yvrandes,Point(-0.7492 48.7203)
Haut-Rhin,Westhalten,Point(7.258611111 47.957222222)
Corse-du-Sud,Zévaco,Point(9.049444444 41.8925)
arrondissement de Sarlat-la-Canéda,Vézac,Point(1.164722222 44.834444444)
Eure,Étrépagny,Point(1.611388888 49.305833333)
arrondissement de Dunkerque,Wormhoudt,Point(2.467777777 50.882777777)
arrondissement de Dunkerque,Wormhout,Point(2.467777777 50.882777777)
canton de Fronsac,Vérac,Point(-0.341111111 44.991388888)
canton d'Arras-Sud,Wailly,Point(2.722222222 50.246388888)
arrondissement de Nantes,Vue,Point(-1.881111111 47.198611111)
arrondissement de Dax,Yzosse,Point(-1.012777777 43.712222222)
Eure,Épinay,Point(0.641944444 48.981111111)
Pas-de-Calais,Wirwignes,Point(1.761111111 50.685)
canton de Seclin-Nord,Wattignies,Point(3.043055555 50.585)
arrondissement de Montreuil,Willeman,Point(2.158611111 50.352777777)
Seine-et-Marne,Yèbles,Point(2.77 48.637777777)
communauté de communes du Vimeu,Yzengremer,Point(1.517777777 50.060555555)
arrondissement de Lens,Wingles,Point(2.855277777 50.494166666)
Pas-de-Calais,Warluzel,Point(2.469722222 50.2275)
Pas-de-Calais,Wimille,Point(1.6325 50.763055555)
arrondissement de Haguenau-Wissembourg,Wahlenheim,Point(7.685 48.763888888)
arrondissement de Haguenau-Wissembourg,Weitbruch,Point(7.777777777 48.756388888)
arrondissement de Metz-Campagne,Vulmont,Point(6.302777777 48.925)
canton de Huningue,Wentzwiller,Point(7.479722222 47.550277777)
arrondissement de Grenoble,Vénosc,Point(6.115555555 44.99)
canton de Tinchebray,Yvrandes,Point(-0.7492 48.7203)
Haute-Saône,Échenoz-la-Méline,Point(6.137222222 47.601944444)
arrondissement de Boulogne-sur-Mer,Wissant,Point(1.662777777 50.885277777)
Pas-de-Calais,Wailly-Beaucamp,Point(1.726111111 50.413333333)
Pas-de-Calais,Witternesse,Point(2.360277777 50.611944444)
Charente,Yviers,Point(-0.005 45.275)
Pas-de-Calais,Warlincourt-lès-Pas,Point(2.505555555 50.173611111)
Pas-de-Calais,Ytres,Point(2.992777777 50.064722222)
Charente,Ébréon,Point(0.031111111 45.9375)
Charente,Épenède,Point(0.537222222 46.063611111)
Haut-Rhin,Vétrigne,Point(6.893888888 47.668333333)
Deux-Sèvres,Xaintray,Point(-0.478888888 46.492777777)
canton de Clary,Élincourt,Point(3.371666666 50.044444444)
arrondissement de Colmar,Zimmerbach,Point(7.236944444 48.072777777)
Charente-Maritime,Vérines,Point(-0.966944444 46.193888888)
Charente,Xambes,Point(0.105 45.826388888)
Pas-de-Calais,Wavrans-sur-l'Aa,Point(2.136666666 50.683055555)
arrondissement de Colmar,Wasserbourg,Point(7.158333333 48.002777777)
arrondissement de Colmar,Wihr-au-Val,Point(7.205555555 48.053333333)
arrondissement de Clermont-Ferrand,Yronde-et-Buron,Point(3.254722222 45.612777777)
arrondissement de Pithiviers,Échilleuses,Point(2.443055555 48.164722222)
arrondissement de Bar-le-Duc,Waly,Point(5.106666666 49.019444444)
Loir-et-Cher,Yvoy-le-Marron,Point(1.853055555 47.6325)
canton de Beaumesnil,Épinay,Point(0.641944444 48.981111111)
Yonne,Épineuil,Point(3.980277777 47.873611111)
aire urbaine de Mulhouse,Walheim,Point(7.266388888 47.641944444)
Haut-Rhin,Wolfersdorf,Point(7.113611111 47.640555555)
arrondissement de Boulogne-sur-Mer,Wimereux,Point(1.61 50.769722222)
arrondissement de Confolens,Épenède,Point(0.537222222 46.063611111)
Oise,Énencourt-Léage,Point(1.846666666 49.303888888)
arrondissement de Saint-Omer,Wizernes,Point(2.229166666 50.711111111)
Seine-Maritime,Écretteville-lès-Baons,Point(0.6825 49.626944444)
Val-d'Oise,Épiais-lès-Louvres,Point(2.5575 49.031388888)
canton de Roubaix-Est,Wattrelos,Point(3.213333333 50.701111111)
canton de Duclair,Yville-sur-Seine,Point(0.878888888 49.400277777)
arrondissement de Dinan,Éréac,Point(-2.3475 48.273888888)
arrondissement d'Avallon,Yrouerre,Point(3.948055555 47.793888888)
Oise,Wavignies,Point(2.359444444 49.546666666)
Cher,Étréchy,Point(2.725 47.162222222)
Gironde,Yvrac,Point(-0.461388888 44.879722222)
arrondissement d'Angoulême,Xambes,Point(0.105 45.826388888)
arrondissement de Confolens,Xambes,Point(0.105 45.826388888)
canton de Valmont,Ypreville-Biville,Point(0.533333333 49.693888888)
arrondissement de Moulins,Ygrande,Point(2.943611111 46.552222222)
Moselle,Wintersbourg,Point(7.189444444 48.786111111)
Seine-et-Oise,Vémars,Point(2.567777777 49.069722222)
canton de Sains-Richaumont,Wiège-Faty,Point(3.718888888 49.881388888)
arrondissement du Havre,Ypreville-Biville,Point(0.533333333 49.693888888)
arrondissement de Saint-Julien-en-Genevois,Vulbens,Point(5.930555555 46.101388888)
Yvelines,Épône,Point(1.815277777 48.955833333)
arrondissement de Saverne,Zehnacker,Point(7.451388888 48.670555555)
arrondissement de Saverne,Zeinheim,Point(7.485833333 48.6725)
arrondissement de Saverne,Zittersheim,Point(7.348055555 48.899444444)
Métropole européenne de Lille,Wambrechies,Point(3.048611111 50.685277777)
arrondissement de Saint-Omer,Wismes,Point(2.071388888 50.654166666)
Val-d'Oise,Vétheuil,Point(1.703055555 49.063888888)
Côtes-d'Armor,Yvias,Point(-3.0525 48.713333333)
arrondissement de Douai,Warlaing,Point(3.325277777 50.410277777)
canton de Rosières-en-Santerre,Vrély,Point(2.693055555 49.798055555)
Manche,Yvetot-Bocage,Point(-1.503611111 49.49)
arrondissement de Bergerac,Vélines,Point(0.108611111 44.858888888)
arrondissement de Sartène,Zoza,Point(9.070277777 41.717777777)
arrondissement du Havre,Yport,Point(0.313055555 49.737777777)
canton de Crécy-en-Ponthieu,Yvrencheux,Point(1.992222222 50.181666666)
arrondissement de Saverne,Weiterswiller,Point(7.4125 48.853333333)
arrondissement de Saverne,Wiwersheim,Point(7.606388888 48.640555555)
arrondissement de Saverne,Wolfskirchen,Point(7.074444444 48.88)
canton d'Évreux-Est,Évreux,Point(1.1525 49.023333333)
Côtes-d'Armor,Yvignac,Point(-2.175833333 48.348333333)
arrondissement d'Angoulême,Yvrac-et-Malleyrand,Point(0.447777777 45.75)
canton de Valenciennes-Nord,Wallers,Point(3.391944444 50.375277777)
canton de Munster,Wasserbourg,Point(7.158333333 48.002777777)
canton de Munster,Wihr-au-Val,Point(7.205555555 48.053333333)
Moselle,Wuisse,Point(6.651111111 48.851111111)
Moselle,Yutz,Point(6.188611111 49.358888888)
arrondissement de Montreuil,Wailly-Beaucamp,Point(1.726111111 50.413333333)
Côtes-d'Armor,Éréac,Point(-2.3475 48.273888888)
Landes,Ychoux,Point(-0.958055555 44.3275)
canton de Montaigut,Youx,Point(2.799166666 46.144722222)
communauté urbaine d'Arras,Wancourt,Point(2.870555555 50.247777777)
Seine-et-Oise,Épône,Point(1.815277777 48.955833333)
arrondissement de Saint-Omer,Zouafques,Point(2.055833333 50.816111111)
arrondissement de Mulhouse,Waltenheim,Point(7.425555555 47.656944444)
arrondissement de Saverne,Weyer,Point(7.158333333 48.854166666)
arrondissement du Havre,Yébleron,Point(0.536666666 49.632777777)
arrondissement de Mulhouse,Zillisheim,Point(7.295555555 47.695277777)
arrondissement de Saint-Omer,Zudausques,Point(2.148888888 50.749166666)
Yvelines,Émancé,Point(1.73 48.590277777)
arrondissement de Douai,Waziers,Point(3.113055555 50.387222222)
arrondissement de Saint-Omer,Wittes,Point(2.391666666 50.669444444)
canton de Vézénobres,Vézénobres,Point(4.136388888 44.053055555)
Moselle,Walscheid,Point(7.15 48.653888888)
Moselle,Xouaxange,Point(6.997222222 48.696666666)
Moselle,Zommange,Point(6.804722222 48.824166666)
canton de Vesoul-Ouest,Échenoz-la-Méline,Point(6.137222222 47.601944444)
Yvelines,Vélizy-Villacoublay,Point(2.188333333 48.783333333)
Charente-Maritime,Yves,Point(-1.045 46.040277777)
arrondissement de Sarrebourg-Château-Salins,Xanrey,Point(6.582222222 48.750833333)
arrondissement de Mulhouse,Zimmersheim,Point(7.388055555 47.719722222)
arrondissement de Valenciennes,Wallers,Point(3.391944444 50.375277777)
arrondissement de Thann,Wegscheid,Point(6.958055555 47.799444444)
arrondissement d'Altkirch,Wolfersdorf,Point(7.113611111 47.640555555)
communauté urbaine d'Arras,Wailly,Point(2.722222222 50.246388888)
canton de Thann,Willer-sur-Thur,Point(7.073055555 47.843611111)
arrondissement de Bar-sur-Aube,Épothémont,Point(4.6575 48.417777777)
arrondissement de Rambouillet,Émancé,Point(1.73 48.590277777)
arrondissement de Haguenau-Wissembourg,Wissembourg,Point(7.946111111 49.0375)
arrondissement de Wissembourg,Wissembourg,Point(7.946111111 49.0375)
canton de Laignes,Étais,Point(4.436944444 47.707777777)
arrondissement de Mulhouse,Wentzwiller,Point(7.479722222 47.550277777)
Meurthe-et-Moselle,Vézelise,Point(6.087777777 48.486944444)
arrondissement de Thann-Guebwiller,Wuenheim,Point(7.208888888 47.873055555)
arrondissement de Mulhouse,Wittelsheim,Point(7.2375 47.805277777)
Haut-Rhin,Wintzenheim,Point(7.29 48.073055555)
canton de Pierrefitte-sur-Aire,Woimbey,Point(5.467222222 48.975833333)
Seine-et-Oise,Étréchy,Point(2.191111111 48.493055555)
arrondissement de Pontarlier,Vuillecin,Point(6.321944444 46.939166666)
Conty,Wailly,Point(2.15544 49.768761)
Métropole européenne de Lille,Wavrin,Point(2.938888888 50.573888888)
arrondissement de Chambéry,Yenne,Point(5.758888888 45.704166666)
arrondissement de Vervins,Wassigny,Point(3.6 50.013055555)
Mulhouse Alsace Agglomération,Zillisheim,Point(7.295555555 47.695277777)
arrondissement de Molsheim,Wasselonne,Point(7.448055555 48.637222222)
Seine-et-Oise,Émancé,Point(1.73 48.590277777)
arrondissement de Saint-Omer,Zutkerque,Point(2.0675 50.853611111)
canton de Château-Salins,Wuisse,Point(6.651111111 48.851111111)
Manche,Yquelon,Point(-1.555833333 48.848055555)
Somme,Y,Point(2.991944444 49.803333333)
canton de Niort-Nord,Échiré,Point(-0.415833333 46.389166666)
canton de Hochfelden,Wingersheim,Point(7.635833333 48.722222222)
arrondissement de Commercy,Woimbey,Point(5.467222222 48.975833333)
canton de Clerval,Vyt-lès-Belvoir,Point(6.621666666 47.348333333)
aire urbaine de Mulhouse,Zillisheim,Point(7.295555555 47.695277777)
arrondissement d'Arras,Wamin,Point(2.060555555 50.413888888)
canton de Combronde,Yssac-la-Tourette,Point(3.092777777 45.935)
arrondissement de Libourne,Vérac,Point(-0.341111111 44.991388888)
arrondissement d'Avesnes-sur-Helpe,Willies,Point(4.098055555 50.120833333)
canton du Bourg-d'Oisans,Vénosc,Point(6.115555555 44.99)
Jura,Étival,Point(5.791944444 46.507222222)
arrondissement de Montreuil,Wail,Point(2.127222222 50.3475)
arrondissement de Brioude,Vézézoux,Point(3.346666666 45.403333333)
Corse-du-Sud,Zicavo,Point(9.130277777 41.907222222)
arrondissement de Colmar,Wolfgantzen,Point(7.501666666 48.028055555)
arrondissement d'Avesnes-sur-Helpe,Wargnies-le-Petit,Point(3.673888888 50.295277777)
Charente,Yvrac-et-Malleyrand,Point(0.447777777 45.75)
arrondissement d'Avesnes-sur-Helpe,Wallers-Trélon,Point(4.175555555 50.063611111)
aire urbaine de Mulhouse,Zimmersheim,Point(7.388055555 47.719722222)
Loire-Atlantique,Vue,Point(-1.881111111 47.198611111)
canton de Habsheim,Zimmersheim,Point(7.388055555 47.719722222)
arrondissement de Pithiviers,Yèvre-la-Ville,Point(2.326388888 48.145833333)
arrondissement d'Avesnes-sur-Helpe,Wargnies-le-Grand,Point(3.660277777 50.308055555)
Yonne,Véron,Point(3.307222222 48.128888888)
arrondissement de Dunkerque,Zegerscappel,Point(2.386111111 50.887777777)
arrondissement de Dunkerque,Zeggers-Cappel,Point(2.386111111 50.887777777)
canton de Neuville-de-Poitou,Yversay,Point(0.215555555 46.678611111)
arrondissement de Boulogne-sur-Mer,Wirwignes,Point(1.761111111 50.685)
Côte-d'Or,Étais,Point(4.436944444 47.707777777)
canton de Saint-Hilaire-des-Loges,Xanton-Chassenon,Point(-0.696388888 46.4525)
arrondissement de Dunkerque,Wemaers-Cappel,Point(2.440555555 50.806944444)
arrondissement de Vervins,Étréaupont,Point(3.915833333 49.903333333)
arrondissement de Boulogne-sur-Mer,Wimille,Point(1.6325 50.763055555)
canton d'Étrépagny,Étrépagny,Point(1.611388888 49.305833333)
Lot-et-Garonne,Xaintrailles,Point(0.258333333 44.205555555)
Seine-Maritime,Wanchy-Capval,Point(1.3575 49.856944444)
arrondissement de Niort,Échiré,Point(-0.415833333 46.389166666)
Haut-Rhin,Wattwiller,Point(7.18 47.836388888)
Haute-Loire,Vézézoux,Point(3.346666666 45.403333333)
canton de Blâmont,Xousse,Point(6.709722222 48.656944444)
canton de Danjoutin,Vézelois,Point(6.916388888 47.607777777)
aire urbaine de Mulhouse,Wittelsheim,Point(7.2375 47.805277777)
canton de Lautrec,Vénès,Point(2.192222222 43.727777777)
arrondissement de Vervins,Wiège-Faty,Point(3.718888888 49.881388888)
district de Lorraine,Woippy,Point(6.151388888 49.151111111)
arrondissement d'Avesnes-sur-Helpe,Wattignies-la-Victoire,Point(4.0125 50.200833333)
Seine-Maritime,Yvecrique,Point(0.81 49.687222222)
district de Basse-Alsace,Wissembourg,Point(7.946111111 49.0375)
canton de Douai-Nord,Waziers,Point(3.113055555 50.387222222)
canton de Bouchain,Wavrechain-sous-Faulx,Point(3.286388888 50.272777777)
canton de Vézelise,Vézelise,Point(6.087777777 48.486944444)
arrondissement de Haguenau-Wissembourg,Wittersheim,Point(7.658333333 48.780833333)
canton de Pas-en-Artois,Warlincourt-lès-Pas,Point(2.505555555 50.173611111)
arrondissement de Péronne,Vrély,Point(2.693055555 49.798055555)
canton de Songeons,Wambez,Point(1.851111111 49.526388888)
Ariège,Vèbre,Point(1.721944444 42.775555555)
arrondissement de Sarcelles,Épiais-lès-Louvres,Point(2.5575 49.031388888)
canton de Soulaines-Dhuys,Épothémont,Point(4.6575 48.417777777)
arrondissement de Dunkerque,Zermezeele,Point(2.45 50.824444444)
arrondissement de Mont-de-Marsan,Ychoux,Point(-0.958055555 44.3275)
Haute-Loire,Yssingeaux,Point(4.123611111 45.142777777)
canton de Soultz-Haut-Rhin,Wuenheim,Point(7.208888888 47.873055555)
arrondissement d'Avesnes-sur-Helpe,Wallers,Point(4.175555555 50.063611111)
Bas-Rhin,Zutzendorf,Point(7.55 48.855556)
arrondissement de Thonon-les-Bains,Yvoire,Point(6.326666666 46.37)
canton du Parcq,Wamin,Point(2.060555555 50.413888888)
Val-d'Oise,Vémars,Point(2.567777777 49.069722222)
Puy-de-Dôme,Yronde-et-Buron,Point(3.254722222 45.612777777)
arrondissement de Sartène,Zonza,Point(9.170555555 41.749444444)
"communauté d'agglomération de Béthune-Bruay, Artois-Lys Romane",Westrehem,Point(2.345277777 50.545)
arrondissement de Montreuil,Wambercourt,Point(2.023333333 50.428611111)
arrondissement de Pontoise,Vétheuil,Point(1.703055555 49.063888888)
canton de Doudeville,Yvecrique,Point(0.81 49.687222222)
arrondissement de Montbard,Étais,Point(4.436944444 47.707777777)
canton d'Audruicq,Zutkerque,Point(2.0675 50.853611111)
Bas-Rhin,Wasselonne,Point(7.448055555 48.637222222)
Corrèze,Végennes,Point(1.739722222 44.981944444)
canton de Vertus,Étréchy,Point(3.943055555 48.885833333)
arrondissement de Niort,Xaintray,Point(-0.478888888 46.492777777)
arrondissement de Confolens,Étagnac,Point(0.778888888 45.894722222)
arrondissement de Valenciennes,Wavrechain-sous-Faulx,Point(3.286388888 50.272777777)
Seine-Maritime,Ypreville-Biville,Point(0.533333333 49.693888888)
arrondissement d'Avallon,Épineuil,Point(3.980277777 47.873611111)
Jura,Véria,Point(5.423888888 46.451111111)
canton de Sarreguemines-Campagne,Wiesviller,Point(7.164722222 49.080277777)
canton de Woippy,Woippy,Point(6.151388888 49.151111111)
Cantal,Vézac,Point(2.519444444 44.893055555)
canton de Chabanais,Étagnac,Point(0.778888888 45.894722222)
arrondissement de Château-Salins,Wuisse,Point(6.651111111 48.851111111)
canton de Dannemarie,Wolfersdorf,Point(7.113611111 47.640555555)
canton d'Yerville,Yerville,Point(0.896111111 49.668333333)
Auray Quiberon Terre Atlantique,Étel,Point(-3.200833333 47.657777777)
canton de Yenne,Yenne,Point(5.758888888 45.704166666)
canton d'Ardres,Zouafques,Point(2.055833333 50.816111111)
"communauté d'agglomération de Béthune-Bruay, Artois-Lys Romane",Witternesse,Point(2.360277777 50.611944444)
arrondissement de La Rochelle,Yves,Point(-1.045 46.040277777)
arrondissement de Colmar-Ribeauvillé,Wintzenheim,Point(7.29 48.073055555)
Haute-Saône,Vy-lès-Rupt,Point(5.896111111 47.64)
canton de Sarreguemines-Campagne,Woustviller,Point(7.009722222 49.075833333)
Indre-et-Loire,Yzeures-sur-Creuse,Point(0.870555555 46.785555555)
arrondissement de Péronne,Épénancourt,Point(2.931111111 49.822777777)
arrondissement de Châlons-en-Champagne,Étréchy,Point(3.943055555 48.885833333)
arrondissement de Montreuil,Widehem,Point(1.671944444 50.585833333)
communauté d'agglomération du Cotentin,Yvetot-Bocage,Point(-1.503611111 49.49)
Seine-Maritime,Yport,Point(0.313055555 49.737777777)
canton de Bouchain,Wasnes-au-Bac,Point(3.258888888 50.270555555)
Yonne,Yrouerre,Point(3.948055555 47.793888888)
Oise,Warluis,Point(2.140833333 49.388055555)
arrondissement de Château-Salins,Zommange,Point(6.804722222 48.824166666)
canton d'Haubourdin,Wavrin,Point(2.938888888 50.573888888)
canton de Signy-le-Petit,Éteignières,Point(4.39 49.886388888)
Territoire de Belfort,Vézelois,Point(6.916388888 47.607777777)
arrondissement de Saint-Julien-en-Genevois,Vétraz-Monthoux,Point(6.255 46.174166666)
Oise,Éméville,Point(3.027777777 49.284166666)
canton de Roubaix-Nord,Wattrelos,Point(3.213333333 50.701111111)
communauté d'agglomération Versailles Grand Parc,Vélizy-Villacoublay,Point(2.188333333 48.783333333)
arrondissement de Thann-Guebwiller,Wegscheid,Point(6.958055555 47.799444444)
arrondissement de Guingamp,Yvias,Point(-3.0525 48.713333333)
canton de Londinières,Wanchy-Capval,Point(1.3575 49.856944444)
arrondissement de Nancy,Vézelise,Point(6.087777777 48.486944444)
Oise,Wambez,Point(1.851111111 49.526388888)
Deux-Sèvres,Étusson,Point(-0.514166666 47.014444444)
communauté d'agglomération de Lens-Liévin,Wingles,Point(2.855277777 50.494166666)
Puy-de-Dôme,Églisolles,Point(3.886666666 45.455277777)
Landes,Ygos-Saint-Saturnin,Point(-0.736666666 43.976111111)
arrondissement de Verdun,Wavrille,Point(5.389166666 49.3275)
Puy-de-Dôme,Yssac-la-Tourette,Point(3.092777777 45.935)
arrondissement d'Altkirch,Winkel,Point(7.263611111 47.461111111)
Seine-Maritime,Yébleron,Point(0.536666666 49.632777777)
Cantal,Védrines-Saint-Loup,Point(3.281666666 45.069722222)
arrondissement d'Altkirch,Willer,Point(7.319722222 47.585833333)
district de Haute-Alsace,Wintzenheim,Point(7.29 48.073055555)
Haute-Saône,Vy-lès-Lure,Point(6.446944444 47.6475)
canton de La Bassée,Wicres,Point(2.867777777 50.571111111)
Haute-Saône,Vy-lès-Filain,Point(6.196388888 47.512222222)
Seine-Maritime,Yainville,Point(0.83 49.4525)
arrondissement de Montreuil,Waben,Point(1.652222222 50.379444444)
arrondissement de Valenciennes,Wasnes-au-Bac,Point(3.258888888 50.270555555)
canton de Rouffach,Westhalten,Point(7.258611111 47.957222222)
canton de Vézins-de-Lévézou,Vézins-de-Lévézou,Point(2.952777777 44.279166666)
canton de Blâmont,Vého,Point(6.710833333 48.596666666)
arrondissement de Sarrebourg-Château-Salins,Wintersbourg,Point(7.189444444 48.786111111)
Cantal,Vèze,Point(2.993611111 45.266666666)
canton de Saillans,Véronne,Point(5.208611111 44.735555555)
Seine-Saint-Denis,Épinay,Point(2.308333333 48.954722222)
arrondissement de Nancy,Xirocourt,Point(6.1725 48.430555555)
Puy-de-Dôme,Youx,Point(2.799166666 46.144722222)
Cantal,Ydes,Point(2.437222222 45.347222222)
Territoire de Belfort,Vétrigne,Point(6.893888888 47.668333333)
Moselle,Waldwisse,Point(6.529722222 49.413611111)
Moselle,Willerwald,Point(7.035 49.026944444)
Moselle,Wittring,Point(7.146111111 49.054444444)
Moselle,Zetting,Point(7.130277777 49.080555555)
canton de Viverols,Églisolles,Point(3.886666666 45.455277777)
Meuse,Véry,Point(5.067777777 49.249166666)
arrondissement d'Altkirch,Wolschwiller,Point(7.408055555 47.461388888)
Seine-Maritime,Yerville,Point(0.896111111 49.668333333)
Seine-Maritime,Yvetot,Point(0.753055555 49.616944444)
canton de Baugé,Échemiré,Point(-0.168333333 47.551388888)
Cantal,Yolet,Point(2.532222222 44.928888888)
Cantal,Ytrac,Point(2.3625 44.911944444)
canton de Duclair,Yainville,Point(0.83 49.4525)
canton d'Offemont,Vétrigne,Point(6.893888888 47.668333333)
arrondissement de Toul,Xammes,Point(5.854444444 48.974722222)
arrondissement de Calais,Zutkerque,Point(2.0675 50.853611111)
arrondissement de Montreuil,Zoteux,Point(1.879722222 50.610555555)
arrondissement de Montreuil,Wicquinghem,Point(1.961388888 50.575555555)
Seine-Maritime,Yville-sur-Seine,Point(0.878888888 49.400277777)
Gard,Vézénobres,Point(4.136388888 44.053055555)
arrondissement de Calvi,Zilia,Point(8.901111111 42.530277777)
arrondissement de Sarrebourg-Château-Salins,Wuisse,Point(6.651111111 48.851111111)
Haute-Saône,Vyans,Point(6.767222222 47.55)
arrondissement d'Altkirch,Walheim,Point(7.266388888 47.641944444)
arrondissement de Thann-Guebwiller,Willer-sur-Thur,Point(7.073055555 47.843611111)
Métropole européenne de Lille,Wattrelos,Point(3.213333333 50.701111111)
canton d'Allanche,Vèze,Point(2.993611111 45.266666666)
Vosges,Épinal,Point(6.451666666 48.173611111)
arrondissement d'Angers,Étriché,Point(-0.445 47.650833333)
arrondissement de Sartène,Zérubia,Point(9.075555555 41.752777777)
canton de Seuil-d'Argonne,Waly,Point(5.106666666 49.019444444)
arrondissement de Château-Salins,Xanrey,Point(6.582222222 48.750833333)
district de Basse-Alsace,Wasselonne,Point(7.448055555 48.637222222)
arrondissement de Saverne,Weislingen,Point(7.251944444 48.919166666)
arrondissement de Saverne,Wilwisheim,Point(7.5075 48.748333333)
Haute-Saône,Vy-le-Ferroux,Point(5.973888888 47.586388888)
Landes,Yzosse,Point(-1.012777777 43.712222222)
district de Haute-Alsace,Wittenheim,Point(7.336944444 47.8075)
arrondissement de Sarrebourg-Château-Salins,Walscheid,Point(7.15 48.653888888)
arrondissement de Sarrebourg-Château-Salins,Xouaxange,Point(6.997222222 48.696666666)
arrondissement de Sarrebourg-Château-Salins,Zommange,Point(6.804722222 48.824166666)
canton de Sierentz,Waltenheim,Point(7.425555555 47.656944444)
arrondissement de Castres,Vénès,Point(2.192222222 43.727777777)
arrondissement de Nérac,Xaintrailles,Point(0.258333333 44.205555555)
arrondissement d'Angoulême,Yviers,Point(-0.005 45.275)
Corrèze,Yssandon,Point(1.376388888 45.208333333)
canton de Gerbéviller,Xermaménil,Point(6.462777777 48.532222222)
arrondissement de Dinan,Yvignac,Point(-2.175833333 48.348333333)
arrondissement d'Altkirch,Wittersdorf,Point(7.275555555 47.621666666)
arrondissement d'Angoulême,Ébréon,Point(0.031111111 45.9375)
arrondissement de Confolens,Ébréon,Point(0.031111111 45.9375)
arrondissement d'Arras,Willeman,Point(2.158611111 50.352777777)
arrondissement de Châteaudun,Yèvres,Point(1.190277777 48.210277777)
Moselle,Waldweistroff,Point(6.495833333 49.359166666)
Moselle,Zimming,Point(6.587777777 49.125277777)
Moselle,Zoufftgen,Point(6.133055555 49.4625)
arrondissement de Saverne,Waldolwisheim,Point(7.438055555 48.732777777)
arrondissement de Saverne,Wingersheim,Point(7.635833333 48.722222222)
canton de Cormeilles,Épaignes,Point(0.440277777 49.279444444)
canton du Pellerin,Vue,Point(-1.881111111 47.198611111)
arrondissement de Troyes,Vulaines,Point(3.620833333 48.233333333)
Seine-et-Oise,Vélizy-Villacoublay,Point(2.188333333 48.783333333)
arrondissement de Saint-Omer,Wardrecques,Point(2.343888888 50.710555555)
Meurthe-et-Moselle,Xonville,Point(5.848611111 49.055277777)
Meurthe-et-Moselle,Xousse,Point(6.709722222 48.656944444)
Mulhouse Alsace Agglomération,Zimmersheim,Point(7.388055555 47.719722222)
arrondissement de Douai,Wandignies-Hamage,Point(3.314444444 50.399444444)
arrondissement de Romorantin-Lanthenay,Yvoy-le-Marron,Point(1.853055555 47.6325)
arrondissement de Thann-Guebwiller,Wildenstein,Point(6.960833333 47.977222222)
arrondissement de Saverne,Waltenheim-sur-Zorn,Point(7.629444444 48.746666666)
arrondissement de Saverne,Willgottheim,Point(7.510277777 48.671111111)
arrondissement de Saverne,Wintzenheim-Kochersberg,Point(7.5125 48.658611111)
canton de Vélines,Vélines,Point(0.108611111 44.858888888)
arrondissement des Andelys,Étrépagny,Point(1.611388888 49.305833333)
Métropole européenne de Lille,Wicres,Point(2.867777777 50.571111111)
canton de Boulogne-sur-Mer-Nord-Est,Wimille,Point(1.6325 50.763055555)
Meurthe-et-Moselle,Xirocourt,Point(6.1725 48.430555555)
Meuse,Woinville,Point(5.659777 48.896962)
Loiret,Échilleuses,Point(2.443055555 48.164722222)
Mulhouse Alsace Agglomération,Wittelsheim,Point(7.2375 47.805277777)
Moselle,Vulmont,Point(6.302777777 48.925)
Moselle,Waldhouse,Point(7.466666666 49.144166666)
Moselle,Walschbronn,Point(7.481111111 49.148611111)
Moselle,Wiesviller,Point(7.164722222 49.080277777)
Savoie,Yenne,Point(5.758888888 45.704166666)
Seine,Épinay,Point(2.308333333 48.954722222)
canton de Marquise,Wierre-Effroy,Point(1.738333333 50.778055555)
Métropole européenne de Lille,Wattignies,Point(3.043055555 50.585)
Gard,Vénéjan,Point(4.6575 44.196944444)
canton de Volmunster,Waldhouse,Point(7.466666666 49.144166666)
canton de Volmunster,Walschbronn,Point(7.481111111 49.148611111)
canton de Ferrette,Winkel,Point(7.263611111 47.461111111)
canton de Marchiennes,Warlaing,Point(3.325277777 50.410277777)
arrondissement d'Argentan,Yvrandes,Point(-0.7492 48.7203)
arrondissement de Vesoul,Échenoz-la-Méline,Point(6.137222222 47.601944444)
arrondissement de Lille,Wattrelos,Point(3.213333333 50.701111111)
canton d'Hondschoote,Warhem,Point(2.493055555 50.976111111)
Meurthe-et-Moselle,Xammes,Point(5.854444444 48.974722222)
Moselle,Woustviller,Point(7.009722222 49.075833333)
Moselle,Xanrey,Point(6.582222222 48.750833333)
arrondissement de Thann,Willer-sur-Thur,Point(7.073055555 47.843611111)
Gironde,Vérac,Point(-0.341111111 44.991388888)
canton de Zicavo,Zévaco,Point(9.049444444 41.8925)
canton de Hucqueliers,Zoteux,Point(1.879722222 50.610555555)
canton de Hucqueliers,Wicquinghem,Point(1.961388888 50.575555555)
canton de Wassigny,Wassigny,Point(3.6 50.013055555)
Charente-Maritime,Vénérand,Point(-0.560555555 45.793611111)
canton de Lamotte-Beuvron,Yvoy-le-Marron,Point(1.853055555 47.6325)
arrondissement d'Arras,Wail,Point(2.127222222 50.3475)
canton de Morcenx,Ygos-Saint-Saturnin,Point(-0.736666666 43.976111111)
Haut-Rhin,Wittenheim,Point(7.336944444 47.8075)
Seine-et-Oise,Épiais-lès-Louvres,Point(2.5575 49.031388888)
canton de Sedan-Ouest,Wadelincourt,Point(4.940833333 49.685277777)
arrondissement de Cholet,Yzernay,Point(-0.702777777 47.021666666)
Loiret,Yèvre-la-Ville,Point(2.326388888 48.145833333)
Nord,Zuytpeene,Point(2.431111111 50.793888888)
canton de Rochefort-Nord,Yves,Point(-1.045 46.040277777)
Ardennes,Wasigny,Point(4.356666666 49.632777777)
Nord,Wattrelos,Point(3.213333333 50.701111111)
canton du Bény-Bocage,Étouvy,Point(-0.889722222 48.893333333)
arrondissement de Colmar,Wintzenheim,Point(7.29 48.073055555)
Côtes-d'Armor,Yffiniac,Point(-2.6775 48.485)
canton de Ferrette,Wolschwiller,Point(7.408055555 47.461388888)
canton du Parcq,Willeman,Point(2.158611111 50.352777777)
Buxières-sous-les-Côtes,Woinville,Point(5.659777 48.896962)
Seine-et-Oise,Yerres,Point(2.490833333 48.716111111)
canton de Saint-Amarin,Wildenstein,Point(6.960833333 47.977222222)
Allier,Ygrande,Point(2.943611111 46.552222222)
Seine-et-Oise,Vétheuil,Point(1.703055555 49.063888888)
canton de Sens-Sud-Est,Véron,Point(3.307222222 48.128888888)
arrondissement de Thann-Guebwiller,Westhalten,Point(7.258611111 47.957222222)
Métropole européenne de Lille,Wervicq-Sud,Point(3.047777777 50.772222222)
arrondissement de Lille,Wambrechies,Point(3.048611111 50.685277777)
Nord,Wallon-Cappel,Point(2.473055555 50.7275)
Nord,West-Cappel,Point(2.5075 50.928611111)
Saône-et-Loire,Vérizet,Point(4.857611111 46.44685)
arrondissement de Bordeaux,Yvrac,Point(-0.461388888 44.879722222)
Métropole de Lyon,Vénissieux,Point(4.885833333 45.696944444)
Eure-et-Loir,Épernon,Point(1.674166666 48.610833333)
Haut-Rhin,Wihr-en-Plaine,Point(7.41083 48.083)
canton de Durtal,Étriché,Point(-0.445 47.650833333)
canton de Bourbourg,Watten,Point(2.2125 50.833055555)
canton de Sancergues,Étréchy,Point(2.725 47.162222222)
arrondissement d'Évreux,Épégard,Point(0.878055555 49.18)
arrondissement de Parthenay,Xaintray,Point(-0.478888888 46.492777777)
Nord,Warhem,Point(2.493055555 50.976111111)
arrondissement de Saint-Omer,Wavrans-sur-l'Aa,Point(2.136666666 50.683055555)
arrondissement de Bressuire,Étusson,Point(-0.514166666 47.014444444)
canton de Beaumetz-lès-Loges,Warlus,Point(2.668888888 50.274722222)
Pas-de-Calais,Wamin,Point(2.060555555 50.413888888)
canton d'Ault,Woignarue,Point(1.495277777 50.11)
Bas-Rhin,Zinswiller,Point(7.590833333 48.92)
Nord,Wallers-Trélon,Point(4.175555555 50.063611111)
canton de Norrent-Fontes,Westrehem,Point(2.345277777 50.545)
canton de Beaulieu-sur-Dordogne,Végennes,Point(1.739722222 44.981944444)
Ardennes,Wadelincourt,Point(4.940833333 49.685277777)
Nord,Wargnies-le-Grand,Point(3.660277777 50.308055555)
canton de Calenzana,Zilia,Point(8.901111111 42.530277777)
arrondissement de Saint-Flour,Vèze,Point(2.993611111 45.266666666)
Corse-du-Sud,Zigliara,Point(8.993888888 41.846388888)
Obermodern-Zutzendorf,Zutzendorf,Point(7.55 48.855556)
Essonne,Wissous,Point(2.327222222 48.730833333)
arrondissement de Brive-la-Gaillarde,Yssandon,Point(1.376388888 45.208333333)
Nord,Zegerscappel,Point(2.386111111 50.887777777)
Nord,Zeggers-Cappel,Point(2.386111111 50.887777777)
Nord,Élincourt,Point(3.371666666 50.044444444)
arrondissement de Vesoul,Vy-le-Ferroux,Point(5.973888888 47.586388888)
district de Lorraine,Waldweistroff,Point(6.495833333 49.359166666)
district de Lorraine,Zimming,Point(6.587777777 49.125277777)
district de Lorraine,Zoufftgen,Point(6.133055555 49.4625)
district de Basse-Alsace,Weyersheim,Point(7.803888888 48.716388888)
Aisne,Étrépilly,Point(3.338888888 49.085)
Somme,Woignarue,Point(1.495277777 50.11)
Drôme,Érôme,Point(4.821111111 45.12)
arrondissement de Mauriac,Ydes,Point(2.437222222 45.347222222)
Nord,Wemaers-Cappel,Point(2.440555555 50.806944444)
Somme,Woincourt,Point(1.5375 50.066388888)
Haute-Savoie,Yvoire,Point(6.326666666 46.37)
Corse-du-Sud,Zérubia,Point(9.075555555 41.752777777)
arrondissement de Lunéville,Xures,Point(6.656111111 48.689444444)
Nord,Wasquehal,Point(3.13 50.668611111)
arrondissement de Clermont,Wavignies,Point(2.359444444 49.546666666)
arrondissement de Lunéville,Xermaménil,Point(6.462777777 48.532222222)
canton de Trélon,Willies,Point(4.098055555 50.120833333)
Nord,Wandignies-Hamage,Point(3.314444444 50.399444444)
arrondissement de Rouen,Yvecrique,Point(0.81 49.687222222)
Somme,Wailly,Point(2.15544 49.768761)
arrondissement de Sedan,Wadelincourt,Point(4.940833333 49.685277777)
Bas-Rhin,Weyer,Point(7.158333333 48.854166666)
arrondissement d'Aurillac,Yolet,Point(2.532222222 44.928888888)
arrondissement d'Aurillac,Ytrac,Point(2.3625 44.911944444)
Eure-et-Loir,Vérigny,Point(1.322222222 48.520277777)
Morbihan,Étel,Point(-3.200833333 47.657777777)
arrondissement d'Abbeville,Yzengremer,Point(1.517777777 50.060555555)
Essonne,Étampes,Point(2.162222222 48.435)
arrondissement de Briey,Xivry-Circourt,Point(5.766944444 49.354722222)
arrondissement de Lille,Willems,Point(3.238333333 50.631944444)
canton de Norrent-Fontes,Witternesse,Point(2.360277777 50.611944444)
canton de Trélon,Wallers-Trélon,Point(4.175555555 50.063611111)
arrondissement d'Arras,Warluzel,Point(2.469722222 50.2275)
Nord,Wattignies-la-Victoire,Point(4.0125 50.200833333)
canton d'Aigre,Ébréon,Point(0.031111111 45.9375)
Maine-et-Loire,Étriché,Point(-0.445 47.650833333)
Orne,Écouché,Point(-0.124722222 48.717777777)
Eure-et-Loir,Yèvres,Point(1.190277777 48.210277777)
canton d'Ayen,Yssandon,Point(1.376388888 45.208333333)
district de Lorraine,Vulmont,Point(6.302777777 48.925)
district de Lorraine,Waldhouse,Point(7.466666666 49.144166666)
district de Lorraine,Walschbronn,Point(7.481111111 49.148611111)
district de Lorraine,Wiesviller,Point(7.164722222 49.080277777)
canton d'Anizy-le-Château,Wissignicourt,Point(3.4475 49.523055555)
arrondissement de Lille,Warneton,Point(2.9525 50.747222222)
Aisne,Étréaupont,Point(3.915833333 49.903333333)
arrondissement de Lunéville,Vého,Point(6.710833333 48.596666666)
arrondissement d'Arras,Warlincourt-lès-Pas,Point(2.505555555 50.173611111)
arrondissement d'Amiens,Wargnies,Point(2.255833333 50.034722222)
arrondissement d'Évry,Yerres,Point(2.490833333 48.716111111)
arrondissement d'Arras,Ytres,Point(2.992777777 50.064722222)
Maine-et-Loire,Yzernay,Point(-0.702777777 47.021666666)
Essonne,Étréchy,Point(2.191111111 48.493055555)
Vienne,Vézières,Point(0.099722222 47.087222222)
Bas-Rhin,Wintzenbach,Point(8.103888888 48.935)
Bas-Rhin,Witternheim,Point(7.612222222 48.313888888)
Nord,Zermezeele,Point(2.45 50.824444444)
Bas-Rhin,Westhouse,Point(7.589166666 48.396944444)
arrondissement de Millau,Vézins-de-Lévézou,Point(2.952777777 44.279166666)
arrondissement de Haguenau,Zinswiller,Point(7.590833333 48.92)
Aisne,Wiège-Faty,Point(3.718888888 49.881388888)
canton de Chambley-Bussières,Waville,Point(5.949722222 49.010277777)
Seine-Maritime,Étretat,Point(0.206666666 49.706388888)
district de Lorraine,Woustviller,Point(7.009722222 49.075833333)
district de Lorraine,Xanrey,Point(6.582222222 48.750833333)
Maine-et-Loire,Échemiré,Point(-0.168333333 47.551388888)
Nord,Wallers,Point(4.175555555 50.063611111) | Point(3.391944444 50.375277777)
Nord,Willems,Point(3.238333333 50.631944444)
Loire,Vérin,Point(4.7525 45.454166666)
district de Haute-Alsace,Willer-sur-Thur,Point(7.073055555 47.843611111)
arrondissement de Briey,Waville,Point(5.949722222 49.010277777)
canton de Montreuil,Wailly-Beaucamp,Point(1.726111111 50.413333333)
Somme,Warloy-Baillon,Point(2.523611111 50.01)
Nord,Warneton,Point(2.9525 50.747222222)
arrondissement de Thann,Wattwiller,Point(7.18 47.836388888)
canton de Dax-Sud,Yzosse,Point(-1.012777777 43.712222222)
Corse-du-Sud,Zoza,Point(9.070277777 41.717777777)
arrondissement de Rochefort,Yves,Point(-1.045 46.040277777)
canton de Quesnoy-sur-Deûle,Warneton,Point(2.9525 50.747222222)
canton de Varennes-en-Argonne,Véry,Point(5.067777777 49.249166666)
Eure-et-Loir,Ymeray,Point(1.7 48.509444444)
Haute-Savoie,Vulbens,Point(5.930555555 46.101388888)
Bas-Rhin,Waldolwisheim,Point(7.438055555 48.732777777)
Bas-Rhin,Wingersheim,Point(7.635833333 48.722222222)
Bas-Rhin,Wahlenheim,Point(7.685 48.763888888)
Bas-Rhin,Wangenbourg-Engenthal,Point(7.304166666 48.625833333)
Bas-Rhin,Weitbruch,Point(7.777777777 48.756388888)
Bas-Rhin,Wildersbach,Point(7.223055555 48.437222222)
Bas-Rhin,Zellwiller,Point(7.497777777 48.397777777)
district de Basse-Alsace,Weislingen,Point(7.251944444 48.919166666)
district de Basse-Alsace,Wilwisheim,Point(7.5075 48.748333333)
Aube,Épothémont,Point(4.6575 48.417777777)
canton de Saint-Omer-Sud,Wizernes,Point(2.229166666 50.711111111)
Bas-Rhin,Wangen,Point(7.466388888 48.6175)
arrondissement de Lure,Vy-lès-Lure,Point(6.446944444 47.6475)
Meurthe,Wintersbourg,Point(7.189444444 48.786111111)
canton de Trélon,Wallers,Point(4.175555555 50.063611111)
Bas-Rhin,Waltenheim-sur-Zorn,Point(7.629444444 48.746666666)
Bas-Rhin,Willgottheim,Point(7.510277777 48.671111111)
Bas-Rhin,Wintzenheim-Kochersberg,Point(7.5125 48.658611111)
Bas-Rhin,Wisches,Point(7.268611111 48.508888888)
Doubs,Vuillecin,Point(6.321944444 46.939166666)
Somme,Yzengremer,Point(1.517777777 50.060555555)
arrondissement de Vire,Étouvy,Point(-0.889722222 48.893333333)
arrondissement de Moulins,Yzeure,Point(3.354444444 46.565833333)
canton de Maintenon,Épernon,Point(1.674166666 48.610833333)
arrondissement de Colmar-Ribeauvillé,Widensohlen,Point(7.48 48.0625)
canton de Neuf-Brisach,Weckolsheim,Point(7.5125 48.002777777)
arrondissement de Colmar-Ribeauvillé,Weckolsheim,Point(7.5125 48.002777777)
arrondissement de Chartres,Épernon,Point(1.674166666 48.610833333)
Somme,Wanel,Point(1.906388888 50.001111111)
arrondissement de Versailles,Vélizy-Villacoublay,Point(2.188333333 48.783333333)
arrondissement de Sarreguemines,Waldhouse,Point(7.466666666 49.144166666)
arrondissement de Sarreguemines,Walschbronn,Point(7.481111111 49.148611111)
arrondissement de Sarreguemines,Wiesviller,Point(7.164722222 49.080277777)
district de Basse-Alsace,Walbourg,Point(7.789444444 48.886666666)
district de Basse-Alsace,Westhoffen,Point(7.441111111 48.602777777)
district de Basse-Alsace,Wolfisheim,Point(7.666388888 48.586666666)
district de Basse-Alsace,Wolxheim,Point(7.513333333 48.568611111)
district de Basse-Alsace,Zehnacker,Point(7.451388888 48.670555555)
district de Basse-Alsace,Zeinheim,Point(7.485833333 48.6725)
district de Basse-Alsace,Zittersheim,Point(7.348055555 48.899444444)
canton de Santa-Maria-Siché,Zigliara,Point(8.993888888 41.846388888)
canton de Noailles,Warluis,Point(2.140833333 49.388055555)
Meurthe,Wuisse,Point(6.651111111 48.851111111)
canton de Maubeuge-Sud,Wattignies-la-Victoire,Point(4.0125 50.200833333)
arrondissement de Saint-Claude,Étival,Point(5.791944444 46.507222222)
arrondissement de Sarreguemines,Woustviller,Point(7.009722222 49.075833333)
arrondissement de Haguenau,Wahlenheim,Point(7.685 48.763888888)
arrondissement de Haguenau,Weitbruch,Point(7.777777777 48.756388888)
arrondissement de Rouen,Yainville,Point(0.83 49.4525)
district de Basse-Alsace,Weiterswiller,Point(7.4125 48.853333333)
district de Basse-Alsace,Wittisheim,Point(7.588333333 48.263611111)
district de Basse-Alsace,Wiwersheim,Point(7.606388888 48.640555555)
district de Basse-Alsace,Wolfskirchen,Point(7.074444444 48.88)
district de Basse-Alsace,Zinswiller,Point(7.590833333 48.92)
arrondissement de Montreuil,Wamin,Point(2.060555555 50.413888888)
canton de Hesdin,Wambercourt,Point(2.023333333 50.428611111)
arrondissement de Corte,Zuani,Point(9.346388888 42.271388888)
Essonne,Yerres,Point(2.490833333 48.716111111)
arrondissement de Molsheim,Waldersbach,Point(7.213611111 48.414444444)
district de Haute-Alsace,Widensohlen,Point(7.48 48.0625)
arrondissement de Lure,Vyans,Point(6.767222222 47.55)
Nord,Walincourt,Point(3.3367 50.0692)
arrondissement de Thionville,Waldwisse,Point(6.529722222 49.413611111)
Meurthe,Walscheid,Point(7.15 48.653888888)
Meurthe,Xouaxange,Point(6.997222222 48.696666666)
Meurthe,Zommange,Point(6.804722222 48.824166666)
canton de Novion-Porcien,Wasigny,Point(4.356666666 49.632777777)
canton de Champdeniers-Saint-Denis,Xaintray,Point(-0.478888888 46.492777777)
Marne,Épernay,Point(3.959166666 49.04)
district de Haute-Alsace,Weckolsheim,Point(7.5125 48.002777777)
arrondissement de Cherbourg,Yvetot-Bocage,Point(-1.503611111 49.49)
canton d'Argenton-les-Vallées,Étusson,Point(-0.514166666 47.014444444)
Haute-Corse,Zilia,Point(8.901111111 42.530277777)
arrondissement de Sarrebourg,Wintersbourg,Point(7.189444444 48.786111111)
arrondissement de Bernay,Épégard,Point(0.878055555 49.18)
canton de Fresnes-en-Woëvre,Watronville,Point(5.541666666 49.136944444)
Meurthe,Vézelise,Point(6.087777777 48.486944444)
canton d'Épinal-Ouest,Épinal,Point(6.451666666 48.173611111)
canton de Tonnerre,Épineuil,Point(3.980277777 47.873611111)
arrondissement de Forbach-Boulay-Moselle,Zimming,Point(6.587777777 49.125277777)
Drôme,Étoile-sur-Rhône,Point(4.893888888 44.836944444)
arrondissement de Rethel,Wasigny,Point(4.356666666 49.632777777)
arrondissement d'Alès,Vézénobres,Point(4.136388888 44.053055555)
arrondissement de Colmar-Ribeauvillé,Wettolsheim,Point(7.299444444 48.056944444)
Somme,Wargnies,Point(2.255833333 50.034722222)
Pas-de-Calais,Willeman,Point(2.158611111 50.352777777)
district de Basse-Alsace,Weyer,Point(7.158333333 48.854166666)
Doubs,Vuillafans,Point(6.216388888 47.065277777)
arrondissement de Rouen,Yerville,Point(0.896111111 49.668333333)
arrondissement de Rouen,Yvetot,Point(0.753055555 49.616944444)
district de Haute-Alsace,Winkel,Point(7.263611111 47.461111111)
Haut-Rhin,Wegscheid,Point(6.958055555 47.799444444)
Aveyron,Vézins-de-Lévézou,Point(2.952777777 44.279166666)
district de Haute-Alsace,Willer,Point(7.319722222 47.585833333)
arrondissement de Mulhouse,Wittenheim,Point(7.336944444 47.8075)
canton de Saignes,Ydes,Point(2.437222222 45.347222222)
Meurthe,Xousse,Point(6.709722222 48.656944444)
Eurométropole de Strasbourg,Wolfisheim,Point(7.666388888 48.586666666)
arrondissement de Rouen,Yville-sur-Seine,Point(0.878888888 49.400277777)
canton de Cassel,Wemaers-Cappel,Point(2.440555555 50.806944444)
canton de Preuilly-sur-Claise,Yzeures-sur-Creuse,Point(0.870555555 46.785555555)
Bas-Rhin,Wittersheim,Point(7.658333333 48.780833333)
arrondissement de Verdun,Watronville,Point(5.541666666 49.136944444)
arrondissement de Montdidier,Vrély,Point(2.693055555 49.798055555)
Métropole européenne de Lille,Wasquehal,Point(3.13 50.668611111)
arrondissement de Valence,Érôme,Point(4.821111111 45.12)
Aisne,Wimy,Point(3.997777777 49.933888888)
Nord,Wambrechies,Point(3.048611111 50.685277777)
Meurthe-et-Moselle,Xures,Point(6.656111111 48.689444444)
canton de Steenvoorde,Winnezeele,Point(2.550833333 50.840833333)
Meurthe-et-Moselle,Xermaménil,Point(6.462777777 48.532222222)
Bas-Rhin,Wingen,Point(7.815 49.026111111)
arrondissement d'Abbeville,Yvrencheux,Point(1.992222222 50.181666666)
canton d'Arracourt,Xures,Point(6.656111111 48.689444444)
canton de Montfaucon-d'Argonne,Épinonville,Point(5.080277777 49.276666666)
Nord,Wignehies,Point(4.008333333 50.016944444)
Haute-Corse,Zuani,Point(9.346388888 42.271388888)
canton de Héricourt-Ouest,Vyans,Point(6.767222222 47.55)
canton de Zicavo,Zicavo,Point(9.130277777 41.907222222)
Nord,Wavrechain-sous-Faulx,Point(3.286388888 50.272777777)
communauté de communes de la région de Guebwiller,Wuenheim,Point(7.208888888 47.873055555)
Meurthe-et-Moselle,Xivry-Circourt,Point(5.766944444 49.354722222)
arrondissement d'Arras,Wavans,Point(2.162222222 50.218055555)
canton de Pélussin,Véranne,Point(4.662777777 45.368333333)
Vendée,Xanton-Chassenon,Point(-0.696388888 46.4525)
Haute-Marne,Wassy,Point(4.9475 48.498888888)
canton du Parcq,Wail,Point(2.127222222 50.3475)
arrondissement de Melun,Yèbles,Point(2.77 48.637777777)
arrondissement de Sélestat-Erstein,Wittisheim,Point(7.588333333 48.263611111)
district de Lorraine,Waldwisse,Point(6.529722222 49.413611111)
district de Lorraine,Willerwald,Point(7.035 49.026944444)
district de Lorraine,Wittring,Point(7.146111111 49.054444444)
district de Lorraine,Zetting,Point(7.130277777 49.080555555)
Aisne,Watigny,Point(4.198611111 49.901944444)
canton des Cabannes,Vèbre,Point(1.721944444 42.775555555)
Meurthe-et-Moselle,Vého,Point(6.710833333 48.596666666)
arrondissement de Metz-Campagne,Woippy,Point(6.151388888 49.151111111)
canton de Marchiennes,Wandignies-Hamage,Point(3.314444444 50.399444444)
Ardennes,Éteignières,Point(4.39 49.886388888)
Métropole européenne de Lille,Willems,Point(3.238333333 50.631944444)
canton de Beaumetz-lès-Loges,Wanquetin,Point(2.615 50.275833333)
canton de Puiseaux,Échilleuses,Point(2.443055555 48.164722222)
Moselle,Welferding,Point(7.03694444 49.11472222)
canton de Trélon,Wignehies,Point(4.008333333 50.016944444)
canton de Marquise,Wissant,Point(1.662777777 50.885277777)
arrondissement de Meaux,Étrépilly,Point(2.931111111 49.035555555)
Hallencourt,Wanel,Point(1.906388888 50.001111111)
Meurthe-et-Moselle,Waville,Point(5.949722222 49.010277777)
Métropole européenne de Lille,Warneton,Point(2.9525 50.747222222)
Nord,Winnezeele,Point(2.550833333 50.840833333)
Orne,Yvrandes,Point(-0.7492 48.7203)
aire urbaine de Mulhouse,Wittenheim,Point(7.336944444 47.8075)
arrondissement de Brive-la-Gaillarde,Végennes,Point(1.739722222 44.981944444)
arrondissement d'Amiens,Warlus,Point(1.944444444 49.923888888)
canton d'Audun-le-Roman,Xivry-Circourt,Point(5.766944444 49.354722222)
arrondissement de Metz,Vulmont,Point(6.302777777 48.925)
Vienne,Yversay,Point(0.215555555 46.678611111)
canton d'Annemasse-Sud,Vétraz-Monthoux,Point(6.255 46.174166666)
Meuse,Wavrille,Point(5.389166666 49.3275)
Bas-Rhin,Waldersbach,Point(7.213611111 48.414444444)
Bas-Rhin,Weyersheim,Point(7.803888888 48.716388888)
Haute-Corse,Zalana,Point(9.375555555 42.260555555)
arrondissement de Lille,Wavrin,Point(2.938888888 50.573888888)
Somme,Vrély,Point(2.693055555 49.798055555)
canton de Lure-Sud,Vy-lès-Lure,Point(6.446944444 47.6475)
canton de Moïta-Verde,Zuani,Point(9.346388888 42.271388888)
arrondissement de Beauvais,Warluis,Point(2.140833333 49.388055555)
Corse-du-Sud,Zonza,Point(9.170555555 41.749444444)
arrondissement de Thann-Guebwiller,Wattwiller,Point(7.18 47.836388888)
arrondissement de Sélestat-Erstein,Witternheim,Point(7.612222222 48.313888888)
arrondissement administratif de Bruxelles-Capitale,Watermael-Boitsfort,Point(4.417777777 50.798055555)
arrondissement de Verdun,Épinonville,Point(5.080277777 49.276666666)
canton de Pont-à-Marcq,Wahagnies,Point(3.035833333 50.485555555)
arrondissement de Sélestat-Erstein,Westhouse,Point(7.589166666 48.396944444)
arrondissement de Sens,Véron,Point(3.307222222 48.128888888)
Nord,Watten,Point(2.2125 50.833055555)
arrondissement d'Évreux,Évreux,Point(1.1525 49.023333333)
Somme,Yvrencheux,Point(1.992222222 50.181666666)
canton d'Ault,Yzengremer,Point(1.517777777 50.060555555)
arrondissement d'Épinal,Xaronval,Point(6.187777777 48.375277777)
arrondissement de Beauvais,Wambez,Point(1.851111111 49.526388888)
Nord,Wasnes-au-Bac,Point(3.258888888 50.270555555)
Ardennes,Warcq,Point(4.680555555 49.769722222)
Ardennes,Wagnon,Point(4.428611111 49.629166666)
arrondissement de Cambrai,Walincourt-Selvigny,Point(3.335833333 50.068888888)
canton de Molliens-Dreuil,Warlus,Point(1.944444444 49.923888888)
arrondissement d'Épinal,Xaffévillers,Point(6.611944444 48.409166666)
Dordogne,Vézac,Point(1.164722222 44.834444444)
Nord,Wavrin,Point(2.938888888 50.573888888)
canton de Chambley-Bussières,Xonville,Point(5.848611111 49.055277777)
arrondissement de Vesoul,Vy-lès-Rupt,Point(5.896111111 47.64)
Ardennes,Wignicourt,Point(4.578611111 49.578333333)
arrondissement de Thann,Wildenstein,Point(6.960833333 47.977222222)
district de Lorraine,Wintersbourg,Point(7.189444444 48.786111111)
Aisne,Wissignicourt,Point(3.4475 49.523055555)
canton de Parentis-en-Born,Ychoux,Point(-0.958055555 44.3275)
arrondissement de Lille,Wicres,Point(2.867777777 50.571111111)
arrondissement d'Arras,Warlus,Point(2.668888888 50.274722222)
arrondissement d'Argentan,Écouché,Point(-0.124722222 48.717777777)
arrondissement de Briey,Xonville,Point(5.848611111 49.055277777)
arrondissement de Lunéville,Xousse,Point(6.709722222 48.656944444)
arrondissement d'Ajaccio,Zigliara,Point(8.993888888 41.846388888)
arrondissement de Béthune,Witternesse,Point(2.360277777 50.611944444)
Pas-de-Calais,Zudausques,Point(2.148888888 50.749166666)
Charente,Étagnac,Point(0.778888888 45.894722222)
Pas-de-Calais,Wittes,Point(2.391666666 50.669444444)
Pas-de-Calais,Warlus,Point(2.668888888 50.274722222)
Meuse,Wiseppe,Point(5.173055555 49.456944444)
Pas-de-Calais,Waben,Point(1.652222222 50.379444444)
canton de Belz,Étel,Point(-3.200833333 47.657777777)
arrondissement de Saint-Étienne,Vérin,Point(4.7525 45.454166666)
arrondissement de Boulogne-sur-Mer,Wierre-Effroy,Point(1.738333333 50.778055555)
Seine-et-Marne,Vulaines-sur-Seine,Point(2.766666666 48.431111111)
canton de Lannoy,Willems,Point(3.238333333 50.631944444)
arrondissement d'Avesnes-sur-Helpe,Wignehies,Point(4.008333333 50.016944444)
Haut-Rhin,Wuenheim,Point(7.208888888 47.873055555)
canton de Montbozon,Vy-lès-Filain,Point(6.196388888 47.512222222)
canton de Fauville-en-Caux,Yébleron,Point(0.536666666 49.632777777)
arrondissement d'Ajaccio,Zévaco,Point(9.049444444 41.8925)
Haut-Rhin,Wettolsheim,Point(7.299444444 48.056944444)
canton de Maintenon,Ymeray,Point(1.7 48.509444444)
Pas-de-Calais,Wancourt,Point(2.870555555 50.247777777)
district de Haute-Alsace,Wattwiller,Point(7.18 47.836388888)
arrondissement de Chartres,Ymeray,Point(1.7 48.509444444)
arrondissement de Montbéliard,Vyt-lès-Belvoir,Point(6.621666666 47.348333333)
Haut-Rhin,Wolschwiller,Point(7.408055555 47.461388888)
arrondissement de Haguenau-Wissembourg,Walbourg,Point(7.789444444 48.886666666)
arrondissement de Thionville-Est,Yutz,Point(6.188611111 49.358888888)
arrondissement de Wissembourg,Walbourg,Point(7.789444444 48.886666666)
arrondissement de Guebwiller,Westhalten,Point(7.258611111 47.957222222)
Haut-Rhin,Wildenstein,Point(6.960833333 47.977222222)
communauté de communes du Vimeu,Woincourt,Point(1.5375 50.066388888)
arrondissement de Colmar,Widensohlen,Point(7.48 48.0625)
canton des Trois-Moutiers,Vézières,Point(0.099722222 47.087222222)
Pas-de-Calais,Zutkerque,Point(2.0675 50.853611111)
Pas-de-Calais,Wingles,Point(2.855277777 50.494166666)
Pas-de-Calais,Zoteux,Point(1.879722222 50.610555555)
Pas-de-Calais,Vélu,Point(2.9725 50.106388888)
Pas-de-Calais,Wailly,Point(2.722222222 50.246388888)
Pas-de-Calais,Wanquetin,Point(2.615 50.275833333)
Pas-de-Calais,Wicquinghem,Point(1.961388888 50.575555555)
canton de Sierck-les-Bains,Waldweistroff,Point(6.495833333 49.359166666)
arrondissement de Metz,Woippy,Point(6.151388888 49.151111111)
arrondissement de Dunkerque,Winnezeele,Point(2.550833333 50.840833333)
arrondissement de Haguenau-Wissembourg,Zinswiller,Point(7.590833333 48.92)
arrondissement de Colmar,Weckolsheim,Point(7.5125 48.002777777)
arrondissement de Sarreguemines,Willerwald,Point(7.035 49.026944444)
arrondissement de Sarreguemines,Wittring,Point(7.146111111 49.054444444)
arrondissement de Sarreguemines,Zetting,Point(7.130277777 49.080555555)
arrondissement de Sélestat-Erstein,Zellwiller,Point(7.497777777 48.397777777)
canton de Saintes-Nord,Vénérand,Point(-0.560555555 45.793611111)
Ardennes,Yvernaumont,Point(4.658611111 49.678333333)
arrondissement de Lille,Wattignies,Point(3.043055555 50.585)
canton d'Haroué,Xirocourt,Point(6.1725 48.430555555)
Nord,Warlaing,Point(3.325277777 50.410277777)
arrondissement de Verdun,Warcq,Point(5.651944444 49.192777777)
arrondissement de Verdun,Étain,Point(5.636388888 49.212777777)
canton d'Évreux-Ouest,Évreux,Point(1.1525 49.023333333)
Nord,Walincourt-Selvigny,Point(3.335833333 50.068888888)
Nord,Wormhoudt,Point(2.467777777 50.882777777)
Nord,Wormhout,Point(2.467777777 50.882777777)
arrondissement d'Arras,Wancourt,Point(2.870555555 50.247777777)
arrondissement d'Épinal,Xertigny,Point(6.406111111 48.045555555)
canton de La Rochefoucauld,Yvrac-et-Malleyrand,Point(0.447777777 45.75)
canton de Cassel,Zuytpeene,Point(2.431111111 50.793888888)
canton de Moïta-Verde,Zalana,Point(9.375555555 42.260555555)
canton de Mulhouse-Sud,Zillisheim,Point(7.295555555 47.695277777)
Nord,Wicres,Point(2.867777777 50.571111111)
arrondissement de Saint-Denis,Épinay,Point(2.308333333 48.954722222)
arrondissement de Verdun,Woël,Point(5.729444444 49.039444444)
canton de Thiaucourt-Regniéville,Xammes,Point(5.854444444 48.974722222)
arrondissement d'Aurillac,Vézac,Point(2.519444444 44.893055555)
canton de Pélussin,Vérin,Point(4.7525 45.454166666)
Somme,Épénancourt,Point(2.931111111 49.822777777)
arrondissement d'Abbeville,Woignarue,Point(1.495277777 50.11)
arrondissement de Château-Thierry,Vézilly,Point(3.691111111 49.180833333)
Nord,Wattignies,Point(3.043055555 50.585)
district de Lorraine,Wuisse,Point(6.651111111 48.851111111)
district de Lorraine,Yutz,Point(6.188611111 49.358888888)
arrondissement de Vesoul,Vy-lès-Filain,Point(6.196388888 47.512222222)
Bas-Rhin,Weislingen,Point(7.251944444 48.919166666)
Bas-Rhin,Wilwisheim,Point(7.5075 48.748333333)
arrondissement d'Abbeville,Woincourt,Point(1.5375 50.066388888)
Loire,Véranne,Point(4.662777777 45.368333333)
Haute-Savoie,Vétraz-Monthoux,Point(6.255 46.174166666)
arrondissement de Lille,Wahagnies,Point(3.035833333 50.485555555)
arrondissement de Valence,Étoile-sur-Rhône,Point(4.893888888 44.836944444)
Aisne,Vézilly,Point(3.691111111 49.180833333)
district de Basse-Alsace,Wingen,Point(7.815 49.026111111)
arrondissement d'Arras,Vélu,Point(2.9725 50.106388888)
arrondissement d'Arras,Wailly,Point(2.722222222 50.246388888)
arrondissement d'Arras,Wanquetin,Point(2.615 50.275833333)
arrondissement de Mantes-la-Jolie,Épône,Point(1.815277777 48.955833333)
Ardennes,Yoncq,Point(5.016111111 49.566388888)
arrondissement d'Amiens,Warloy-Baillon,Point(2.523611111 50.01)
canton de Boulogne-sur-Mer-Nord-Ouest,Wimereux,Point(1.61 50.769722222)
canton de Dieuze,Zommange,Point(6.804722222 48.824166666)
Aube,Vulaines,Point(3.620833333 48.233333333)
district de Lorraine,Walscheid,Point(7.15 48.653888888)
district de Lorraine,Xouaxange,Point(6.997222222 48.696666666)
district de Lorraine,Zommange,Point(6.804722222 48.824166666)
Nord,Waziers,Point(3.113055555 50.387222222)
arrondissement d'Épinal,Xamontarupt,Point(6.653055555 48.1325)
canton de La Capelle,Étréaupont,Point(3.915833333 49.903333333)
arrondissement de Saint-Dizier,Wassy,Point(4.9475 48.498888888)
arrondissement de Lille,Wervicq-Sud,Point(3.047777777 50.772222222)
arrondissement de Thann,Wittelsheim,Point(7.2375 47.805277777)
arrondissement de Strasbourg,Wolfisheim,Point(7.666388888 48.586666666)
Eure-et-Loir,Yermenonville,Point(1.62 48.556111111)
canton de Confolens-Nord,Épenède,Point(0.537222222 46.063611111)
arrondissement de Château-Thierry,Épaux-Bézu,Point(3.3475 49.108611111)
arrondissement de Cambrai,Wambaix,Point(3.305 50.128888888)
Nord,Wahagnies,Point(3.035833333 50.485555555)
district de Haute-Alsace,Wegscheid,Point(6.958055555 47.799444444)
arrondissement de Sedan,Yoncq,Point(5.016111111 49.566388888)
Somme,Warlus,Point(1.944444444 49.923888888)
arrondissement d'Épinal,Zincourt,Point(6.439722222 48.308055555)
Bas-Rhin,Walbourg,Point(7.789444444 48.886666666)
Bas-Rhin,Westhoffen,Point(7.441111111 48.602777777)
Bas-Rhin,Wolfisheim,Point(7.666388888 48.586666666)
Bas-Rhin,Wolxheim,Point(7.513333333 48.568611111)
Bas-Rhin,Zehnacker,Point(7.451388888 48.670555555)
Bas-Rhin,Zeinheim,Point(7.485833333 48.6725)
Bas-Rhin,Zittersheim,Point(7.348055555 48.899444444)
Eure-et-Loir,Ymonville,Point(1.750277777 48.261944444)
arrondissement de Cambrai,Élincourt,Point(3.371666666 50.044444444)
arrondissement de Saint-Flour,Védrines-Saint-Loup,Point(3.281666666 45.069722222)
Aisne,Épaux-Bézu,Point(3.3475 49.108611111)
arrondissement de Beauvais,Énencourt-Léage,Point(1.846666666 49.303888888)
arrondissement de Verdun,Wiseppe,Point(5.173055555 49.456944444)
Calvados,Étouvy,Point(-0.889722222 48.893333333)
Dordogne,Vélines,Point(0.108611111 44.858888888)
Tarn,Vénès,Point(2.192222222 43.727777777)
Nord,Willies,Point(4.098055555 50.120833333)
Nord,Wervicq-Sud,Point(3.047777777 50.772222222)
arrondissement de Lille,Wasquehal,Point(3.13 50.668611111)
Isère,Vénosc,Point(6.115555555 44.99)
arrondissement de Bourges,Étréchy,Point(2.725 47.162222222)
canton de Quesnoy-sur-Deûle,Wervicq-Sud,Point(3.047777777 50.772222222)
arrondissement de Château-Thierry,Étrépilly,Point(3.338888888 49.085)
Nord,Wambaix,Point(3.305 50.128888888)
Nord,Wargnies-le-Petit,Point(3.673888888 50.295277777)
Bas-Rhin,Weiterswiller,Point(7.4125 48.853333333)
Bas-Rhin,Wittisheim,Point(7.588333333 48.263611111)
Bas-Rhin,Wiwersheim,Point(7.606388888 48.640555555)
Bas-Rhin,Wolfskirchen,Point(7.074444444 48.88)
district de Basse-Alsace,Wintzenbach,Point(8.103888888 48.935)
district de Basse-Alsace,Witternheim,Point(7.612222222 48.313888888)
arrondissement de Poitiers,Yversay,Point(0.215555555 46.678611111)
district de Basse-Alsace,Westhouse,Point(7.589166666 48.396944444)
Vosges,Xaronval,Point(6.187777777 48.375277777)
district de Haute-Alsace,Wuenheim,Point(7.208888888 47.873055555)
arrondissement de Foix,Vèbre,Point(1.721944444 42.775555555)
Meuse,Watronville,Point(5.541666666 49.136944444)
arrondissement de Corte,Zalana,Point(9.375555555 42.260555555)
arrondissement d'Épernay,Épernay,Point(3.959166666 49.04)
Meurthe,Xirocourt,Point(6.1725 48.430555555)
district de Haute-Alsace,Wettolsheim,Point(7.299444444 48.056944444)
Vosges,Xaffévillers,Point(6.611944444 48.409166666)
canton de Bergues,West-Cappel,Point(2.5075 50.928611111)
arrondissement de Lons-le-Saunier,Véria,Point(5.423888888 46.451111111)
canton de Rambervillers,Xaffévillers,Point(6.611944444 48.409166666)
canton de Saint-Dié-des-Vosges-Est,Wisembach,Point(7.106111111 48.257222222)
canton d'Évreux-Sud,Évreux,Point(1.1525 49.023333333)
arrondissement de Sarrebourg,Walscheid,Point(7.15 48.653888888)
arrondissement de Sarrebourg,Xouaxange,Point(6.997222222 48.696666666)
arrondissement de Saint-Brieuc,Yvias,Point(-3.0525 48.713333333)
arrondissement du Havre,Étretat,Point(0.206666666 49.706388888)
arrondissement de Colmar-Ribeauvillé,Zimmerbach,Point(7.236944444 48.072777777)
Drôme,Véronne,Point(5.208611111 44.735555555)
Meurthe,Xammes,Point(5.854444444 48.974722222)
arrondissement de Rouen,Écretteville-lès-Baons,Point(0.6825 49.626944444)
district de Basse-Alsace,Waldolwisheim,Point(7.438055555 48.732777777)
district de Basse-Alsace,Wingersheim,Point(7.635833333 48.722222222)
district de Basse-Alsace,Wahlenheim,Point(7.685 48.763888888)
district de Basse-Alsace,Wangenbourg-Engenthal,Point(7.304166666 48.625833333)
district de Basse-Alsace,Weitbruch,Point(7.777777777 48.756388888)
district de Basse-Alsace,Zellwiller,Point(7.497777777 48.397777777)
arrondissement de Colmar-Ribeauvillé,Wasserbourg,Point(7.158333333 48.002777777)
arrondissement de Colmar-Ribeauvillé,Wihr-au-Val,Point(7.205555555 48.053333333)
arrondissement de Charleville-Mézières,Éteignières,Point(4.39 49.886388888)
district de Haute-Alsace,Wildenstein,Point(6.960833333 47.977222222)
Mulhouse Alsace Agglomération,Wittenheim,Point(7.336944444 47.8075)
Pas-de-Calais,Wail,Point(2.127222222 50.3475)
canton de Cassel,Zermezeele,Point(2.45 50.824444444)
arrondissement de Strasbourg-Campagne,Weyersheim,Point(7.803888888 48.716388888)
Vosges,Xertigny,Point(6.406111111 48.045555555)
Loiret,Yèvre-le-Châtel,Point(2.33389 48.16)
district de Basse-Alsace,Wangen,Point(7.466388888 48.6175)
arrondissement de Laon,Wissignicourt,Point(3.4475 49.523055555)
canton de Tallano-Scopamène,Zérubia,Point(9.075555555 41.752777777)
canton de Xertigny,Xertigny,Point(6.406111111 48.045555555)
canton de Roubaix-Ouest,Wasquehal,Point(3.13 50.668611111)
Meuse,Waly,Point(5.106666666 49.019444444)
Marne,Warmeriville,Point(4.221944444 49.350555555)
district de Basse-Alsace,Waltenheim-sur-Zorn,Point(7.629444444 48.746666666)
district de Basse-Alsace,Willgottheim,Point(7.510277777 48.671111111)
district de Basse-Alsace,Wintzenheim-Kochersberg,Point(7.5125 48.658611111)
Meuse,Xivray-et-Marvoisin,Point(5.743611111 48.864722222)
district de Haute-Alsace,Walheim,Point(7.266388888 47.641944444)
canton d'Écouché,Écouché,Point(-0.124722222 48.717777777)
arrondissement de Saint-Brieuc,Éréac,Point(-2.3475 48.273888888)
canton d'Évreux-Nord,Évreux,Point(1.1525 49.023333333)
canton du Quesnoy-Ouest,Wargnies-le-Petit,Point(3.673888888 50.295277777)
arrondissement de Haguenau,Wittersheim,Point(7.658333333 48.780833333)
Meurthe,Xanrey,Point(6.582222222 48.750833333)
arrondissement de Haguenau-Wissembourg,Wingen,Point(7.815 49.026111111)
arrondissement de Wissembourg,Wingen,Point(7.815 49.026111111)
Marne,Witry-lès-Reims,Point(4.120833333 49.293055555)
canton du Quesnoy-Ouest,Wargnies-le-Grand,Point(3.660277777 50.308055555)
canton de Sierck-les-Bains,Waldwisse,Point(6.529722222 49.413611111)
district de Haute-Alsace,Waltenheim,Point(7.425555555 47.656944444)
arrondissement de Molsheim,Westhoffen,Point(7.441111111 48.602777777)
arrondissement de Molsheim,Wolxheim,Point(7.513333333 48.568611111)
arrondissement de Molsheim,Zehnacker,Point(7.451388888 48.670555555)
arrondissement de Molsheim,Zeinheim,Point(7.485833333 48.6725)
district de Haute-Alsace,Zillisheim,Point(7.295555555 47.695277777)
district de Haute-Alsace,Zimmerbach,Point(7.236944444 48.072777777)
canton de Neuf-Brisach,Wolfgantzen,Point(7.501666666 48.028055555)
arrondissement de Colmar-Ribeauvillé,Wolfgantzen,Point(7.501666666 48.028055555)
arrondissement de Thionville,Yutz,Point(6.188611111 49.358888888)
arrondissement d'Yssingeaux,Yssingeaux,Point(4.123611111 45.142777777)
Haut-Rhin,Willer-sur-Thur,Point(7.073055555 47.843611111)
district de Haute-Alsace,Wasserbourg,Point(7.158333333 48.002777777)
district de Haute-Alsace,Wihr-au-Val,Point(7.205555555 48.053333333)
district de Haute-Alsace,Wittersdorf,Point(7.275555555 47.621666666)
canton de Portes-lès-Valence,Étoile-sur-Rhône,Point(4.893888888 44.836944444)
canton de Bertincourt,Vélu,Point(2.9725 50.106388888)
Vosges,Xamontarupt,Point(6.653055555 48.1325)
Marne,Étréchy,Point(3.943055555 48.885833333)
district de Haute-Alsace,Zimmersheim,Point(7.388055555 47.719722222)
arrondissement de Saint-Étienne,Véranne,Point(4.662777777 45.368333333)
canton d'Épinal-Est,Épinal,Point(6.451666666 48.173611111)
canton de Flize,Yvernaumont,Point(4.658611111 49.678333333)
arrondissement de Senlis,Éméville,Point(3.027777777 49.284166666)
arrondissement de Charleville-Mézières,Warcq,Point(4.680555555 49.769722222)
Meuse,Épinonville,Point(5.080277777 49.276666666)
district de Haute-Alsace,Wentzwiller,Point(7.479722222 47.550277777)
canton de Novion-Porcien,Wagnon,Point(4.428611111 49.629166666)
Eure,Épégard,Point(0.878055555 49.18)
Vosges,Zincourt,Point(6.439722222 48.308055555)
Moselle,Woippy,Point(6.151388888 49.151111111)
canton de Tallano-Scopamène,Zoza,Point(9.070277777 41.717777777)
Doubs,Vyt-lès-Belvoir,Point(6.621666666 47.348333333)
canton de Novion-Porcien,Wignicourt,Point(4.578611111 49.578333333)
canton de Maintenon,Yermenonville,Point(1.62 48.556111111)
canton de Fresnes-en-Woëvre,Woël,Point(5.729444444 49.039444444)
Bas-Rhin,Zollingen,Point(7.075684 48.910599)
Meurthe,Xures,Point(6.656111111 48.689444444)
district de Haute-Alsace,Wittelsheim,Point(7.2375 47.805277777)
district de Haute-Alsace,Wolfgantzen,Point(7.501666666 48.028055555)
canton de Damvillers,Wavrille,Point(5.389166666 49.3275)
canton de Châtel-sur-Moselle,Zincourt,Point(6.439722222 48.308055555)
Meurthe,Xermaménil,Point(6.462777777 48.532222222)
arrondissement de Forbach,Willerwald,Point(7.035 49.026944444)
district de Haute-Alsace,Westhalten,Point(7.258611111 47.957222222)
arrondissement d'Étampes,Étampes,Point(2.162222222 48.435)
Allier,Yzeure,Point(3.354444444 46.565833333)
arrondissement de Strasbourg-Campagne,Wilwisheim,Point(7.5075 48.748333333)
arrondissement de Chartres,Yermenonville,Point(1.62 48.556111111)
arrondissement de Rethel,Wagnon,Point(4.428611111 49.629166666)
arrondissement de Charleville-Mézières,Yvernaumont,Point(4.658611111 49.678333333)
arrondissement de Saint-Dié-des-Vosges,Wisembach,Point(7.106111111 48.257222222)
arrondissement d'Avranches,Yquelon,Point(-1.555833333 48.848055555)
Pas-de-Calais,Wavans,Point(2.162222222 50.218055555)
canton de Lille-Ouest,Wambrechies,Point(3.048611111 50.685277777)
arrondissement de Haguenau-Wissembourg,Weyersheim,Point(7.803888888 48.716388888)
arrondissement de Thionville-Est,Waldwisse,Point(6.529722222 49.413611111)
arrondissement de Rethel,Wignicourt,Point(4.578611111 49.578333333)
Pas-de-Calais,Wambercourt,Point(2.023333333 50.428611111)
arrondissement de Chartres,Ymonville,Point(1.750277777 48.261944444)
canton de Tonnerre,Yrouerre,Point(3.948055555 47.793888888)
canton de Saint-Amant-de-Boixe,Xambes,Point(0.105 45.826388888)
Pas-de-Calais,Wierre-Effroy,Point(1.738333333 50.778055555)
Pas-de-Calais,Wizernes,Point(2.229166666 50.711111111)
arrondissement de Châtellerault,Vézières,Point(0.099722222 47.087222222)
arrondissement d'Épernay,Étréchy,Point(3.943055555 48.885833333)
arrondissement d'Étampes,Étréchy,Point(2.191111111 48.493055555)
arrondissement de Lorient,Étel,Point(-3.200833333 47.657777777)
Meuse,Warcq,Point(5.651944444 49.192777777)
canton d'Auzon,Vézézoux,Point(3.346666666 45.403333333)
Meuse,Étain,Point(5.636388888 49.212777777)
arrondissement de Guebwiller,Wuenheim,Point(7.208888888 47.873055555)
arrondissement de Belfort,Vézelois,Point(6.916388888 47.607777777)
Meurthe,Vého,Point(6.710833333 48.596666666)
canton de Courville-sur-Eure,Vérigny,Point(1.322222222 48.520277777)
arrondissement de Boulay-Moselle,Zimming,Point(6.587777777 49.125277777)
arrondissement de Saumur,Échemiré,Point(-0.168333333 47.551388888)
arrondissement de Thionville,Waldweistroff,Point(6.495833333 49.359166666)
arrondissement de Thionville,Zoufftgen,Point(6.133055555 49.4625)
arrondissement de Loches,Yzeures-sur-Creuse,Point(0.870555555 46.785555555)
arrondissement de La Rochelle,Vérines,Point(-0.966944444 46.193888888)
arrondissement de Bernay,Épaignes,Point(0.440277777 49.279444444)
district de Basse-Alsace,Wittersheim,Point(7.658333333 48.780833333)
arrondissement de Dunkerque,Zuytpeene,Point(2.431111111 50.793888888)
canton de Carnières,Wambaix,Point(3.305 50.128888888)
Meuse,Woël,Point(5.729444444 49.039444444)
Pas-de-Calais,Wismes,Point(2.071388888 50.654166666)
canton de Domart-en-Ponthieu,Wargnies,Point(2.255833333 50.034722222)
arrondissement de Dieppe,Wanchy-Capval,Point(1.3575 49.856944444)
canton de Mouzon,Yoncq,Point(5.016111111 49.566388888)
arrondissement d'Ambert,Églisolles,Point(3.886666666 45.455277777)
arrondissement de Strasbourg-Campagne,Wolfisheim,Point(7.666388888 48.586666666)
arrondissement de Riom,Yssac-la-Tourette,Point(3.092777777 45.935)
Haut-Rhin,Widensohlen,Point(7.48 48.0625)
canton d'Aurillac 4,Yolet,Point(2.532222222 44.928888888)
Pas-de-Calais,Widehem,Point(1.671944444 50.585833333)
arrondissement de Die,Véronne,Point(5.208611111 44.735555555)
canton d'Hazebrouck-Nord,Wallon-Cappel,Point(2.473055555 50.7275)
Vosges,Wisembach,Point(7.106111111 48.257222222)
Haut-Rhin,Werentzhouse,Point(7.3575 47.516944444)
Haut-Rhin,Weckolsheim,Point(7.5125 48.002777777)
arrondissement de Béthune,Westrehem,Point(2.345277777 50.545)
arrondissement de Vervins,Wimy,Point(3.997777777 49.933888888)
Meuse,Woimbey,Point(5.467222222 48.975833333)
canton de Criquetot-l'Esneval,Étretat,Point(0.206666666 49.706388888)
canton de Croisilles,Wancourt,Point(2.870555555 50.247777777)
arrondissement de Molsheim,Wangenbourg-Engenthal,Point(7.304166666 48.625833333)
district de Haute-Alsace,Wolfersdorf,Point(7.113611111 47.640555555)
Dinan Agglomération,Yvignac,Point(-2.175833333 48.348333333)
arrondissement de Chartres,Vérigny,Point(1.322222222 48.520277777)
arrondissement de Strasbourg-Campagne,Wiwersheim,Point(7.606388888 48.640555555)
arrondissement de Dunkerque,Wallon-Cappel,Point(2.473055555 50.7275)
arrondissement de Dunkerque,West-Cappel,Point(2.5075 50.928611111)
arrondissement de Verdun,Véry,Point(5.067777777 49.249166666)
arrondissement de Molsheim,Wangen,Point(7.466388888 48.6175)
canton de Verny,Vulmont,Point(6.302777777 48.925)
canton de Bertincourt,Ytres,Point(2.992777777 50.064722222)
arrondissement de Fontenay-le-Comte,Xanton-Chassenon,Point(-0.696388888 46.4525)
arrondissement de Reims,Warmeriville,Point(4.221944444 49.350555555)
arrondissement de Dunkerque,Warhem,Point(2.493055555 50.976111111)
Haut-Rhin,Winkel,Point(7.263611111 47.461111111)
arrondissement de Belfort,Vétrigne,Point(6.893888888 47.668333333)
arrondissement de Bernay,Épinay,Point(0.641944444 48.981111111)
arrondissement de Reims,Witry-lès-Reims,Point(4.120833333 49.293055555)
canton de Levie,Zonza,Point(9.170555555 41.749444444)
Haut-Rhin,Willer,Point(7.319722222 47.585833333)
arrondissement de Riom,Youx,Point(2.799166666 46.144722222)
canton d'Andolsheim,Widensohlen,Point(7.48 48.0625)
arrondissement de Saintes,Vénérand,Point(-0.560555555 45.793611111)
Eure,Évreux,Point(1.1525 49.023333333)
canton de Vic-sur-Seille,Xanrey,Point(6.582222222 48.750833333)
arrondissement de Vervins,Watigny,Point(4.198611111 49.901944444)
Pas-de-Calais,Zouafques,Point(2.055833333 50.816111111)
arrondissement de Saint-Brieuc,Yffiniac,Point(-2.6775 48.485)
Aisne,Wassigny,Point(3.6 50.013055555)
